{"cameraMode":{"drawMode":0,"name":"Shaded","section":"Shading Mode"},"sceneLighting":true,"audioPlay":false,"sceneViewState":{"m_AlwaysRefresh":false,"showFog":true,"showSkybox":true,"showFlares":true,"showImageEffects":true,"showParticleSystems":true,"showVisualEffectGraphs":true,"m_FxEnabled":true},"in2DMode":false,"pivot":{"x":-7.354701519012451,"y":1.9931039810180665,"z":6.067219257354736},"rotation":{"x":-0.05263771861791611,"y":0.6416195631027222,"z":0.044529855251312259,"w":0.7640755772590637},"size":0.5215786695480347,"orthographic":false}